reference_site,sequential_site,wildtype_aa,reference_aa,primers_forward_offset-8,primers_reverse_offset-8,primers_forward_offset4,primers_reverse_offset4
339,9,H,G,"['TTTNNCGAGGTGTTCAATGCCACCACCTTTGCC', 'TTTNNGGAGGTGTTCAATGCCACCACCTTTGCC']","['GGCAAAGGTGGTGGCATTGAACACCTCGNNAAA', 'GGCAAAGGTGGTGGCATTGAACACCTCCNNAAA']","['ACCAACCTGTGTCCATTTNNCGAGGTGT', 'ACCAACCTGTGTCCATTTNNGGAGGTGT']","['ACACCTCGNNAAATGGACACAGGTTGGT', 'ACACCTCCNNAAATGGACACAGGTTGGT']"
346,16,T,R,"['ACCNNCTTTGCCTCTGTCTATGCCTGGAACAGG', 'ACCNNGTTTGCCTCTGTCTATGCCTGGAACAGG']","['CCTGTTCCAGGCATAGACAGAGGCAAAGNNGGT', 'CCTGTTCCAGGCATAGACAGAGGCAAACNNGGT']","['AGGTGTTCAATGCCACCNNCTTTGCC', 'AGGTGTTCAATGCCACCNNGTTTGCC']","['GGCAAAGNNGGTGGCATTGAACACCT', 'GGCAAACNNGGTGGCATTGAACACCT']"
347,17,F,F,"['ACCNNCGCCTCTGTCTATGCCTGGAACAGGAAG', 'ACCNNGGCCTCTGTCTATGCCTGGAACAGGAAG']","['CTTCCTGTTCCAGGCATAGACAGAGGCGNNGGT', 'CTTCCTGTTCCAGGCATAGACAGAGGCCNNGGT']","['GTTCAATGCCACCACCNNCGCCTC', 'GTTCAATGCCACCACCNNGGCCTC']","['GAGGCGNNGGTGGTGGCATTGAAC', 'GAGGCCNNGGTGGTGGCATTGAAC']"
348,18,A,A,"['TTTNNCTCTGTCTATGCCTGGAACAGGAAGAGG', 'TTTNNGTCTGTCTATGCCTGGAACAGGAAGAGG']","['CCTCTTCCTGTTCCAGGCATAGACAGAGNNAAA', 'CCTCTTCCTGTTCCAGGCATAGACAGACNNAAA']","['GTGTTCAATGCCACCACCTTTNNCTCTGTCTAT', 'TGTTCAATGCCACCACCTTTNNGTCTGTCTA']","['ATAGACAGAGNNAAAGGTGGTGGCATTGAACAC', 'TAGACAGACNNAAAGGTGGTGGCATTGAACA']"
352,22,A,A,"['CTATNNCTGGAACAGGAAGAGGATTAGCAACTGTG', 'TATNNGTGGAACAGGAAGAGGATTAGCAACTGTG']","['CACAGTTGCTAATCCTCTTCCTGTTCCAGNNATAG', 'CACAGTTGCTAATCCTCTTCCTGTTCCACNNATA']","['CCACCTTTGCCTCTGTCTATNNCTGGAACAG', 'CCACCTTTGCCTCTGTCTATNNGTGGAACAG']","['CTGTTCCAGNNATAGACAGAGGCAAAGGTGG', 'CTGTTCCACNNATAGACAGAGGCAAAGGTGG']"
356,26,K,K,"['AGGNNCAGGATTAGCAACTGTGTGGCTGACTAC', 'AGGNNGAGGATTAGCAACTGTGTGGCTGACTAC']","['GTAGTCAGCCACACAGTTGCTAATCCTGNNCCT', 'GTAGTCAGCCACACAGTTGCTAATCCTCNNCCT']","['CTGTCTATGCCTGGAACAGGNNCAGGATTAG', 'CTGTCTATGCCTGGAACAGGNNGAGGATTAGC']","['CTAATCCTGNNCCTGTTCCAGGCATAGACAG', 'GCTAATCCTCNNCCTGTTCCAGGCATAGACAG']"
357,27,R,R,"['AAGNNCATTAGCAACTGTGTGGCTGACTACTCT', 'AAGNNGATTAGCAACTGTGTGGCTGACTACTCT']","['AGAGTAGTCAGCCACACAGTTGCTAATGNNCTT', 'AGAGTAGTCAGCCACACAGTTGCTAATCNNCTT']","['TCTATGCCTGGAACAGGAAGNNCATTAGCAA', 'TCTATGCCTGGAACAGGAAGNNGATTAGCAAC']","['TTGCTAATGNNCTTCCTGTTCCAGGCATAGA', 'GTTGCTAATCNNCTTCCTGTTCCAGGCATAGA']"
368,38,I,L,"['GTGNNCTACAACTTCGCCCCCTTCTTCGCCTTC', 'GTGNNGTACAACTTCGCCCCCTTCTTCGCCTTC']","['GAAGGCGAAGAAGGGGGCGAAGTTGTAGNNCAC', 'GAAGGCGAAGAAGGGGGCGAAGTTGTACNNCAC']","['GTGTGGCTGACTACTCTGTGNNCTACAACTT', 'GTGTGGCTGACTACTCTGTGNNGTACAACTT']","['AAGTTGTAGNNCACAGAGTAGTCAGCCACAC', 'AAGTTGTACNNCACAGAGTAGTCAGCCACAC']"
371,41,F,S,"['AACNNCGCCCCCTTCTTCGCCTTCAAGTGTTAT', 'AACNNGGCCCCCTTCTTCGCCTTCAAGTGTTAT']","['ATAACACTTGAAGGCGAAGAAGGGGGCGNNGTT', 'ATAACACTTGAAGGCGAAGAAGGGGGCCNNGTT']","['TACTCTGTGATCTACAACNNCGCCCCCT', 'TACTCTGTGATCTACAACNNGGCCCCCT']","['AGGGGGCGNNGTTGTAGATCACAGAGTA', 'AGGGGGCCNNGTTGTAGATCACAGAGTA']"
373,43,P,S,"['GCCNNCTTCTTCGCCTTCAAGTGTTATGGAGTG', 'GCCNNGTTCTTCGCCTTCAAGTGTTATGGAGTG']","['CACTCCATAACACTTGAAGGCGAAGAAGNNGGC', 'CACTCCATAACACTTGAAGGCGAAGAACNNGGC']","['TGTGATCTACAACTTCGCCNNCTTCTTCGC', 'TGTGATCTACAACTTCGCCNNGTTCTTCGC']","['GCGAAGAAGNNGGCGAAGTTGTAGATCACA', 'GCGAAGAACNNGGCGAAGTTGTAGATCACA']"
375,45,F,S,"['TTCNNCGCCTTCAAGTGTTATGGAGTGAGCCCA', 'TTCNNGGCCTTCAAGTGTTATGGAGTGAGCCCA']","['TGGGCTCACTCCATAACACTTGAAGGCGNNGAA', 'TGGGCTCACTCCATAACACTTGAAGGCCNNGAA']","['AACTTCGCCCCCTTCNNCGCCT', 'AACTTCGCCCCCTTCNNGGCCT']","['AGGCGNNGAAGGGGGCGAAGTT', 'AGGCCNNGAAGGGGGCGAAGTT']"
376,46,A,T,"['TTCNNCTTCAAGTGTTATGGAGTGAGCCCAACC', 'TTCNNGTTCAAGTGTTATGGAGTGAGCCCAACC']","['GGTTGGGCTCACTCCATAACACTTGAAGNNGAA', 'GGTTGGGCTCACTCCATAACACTTGAACNNGAA']","['AACTTCGCCCCCTTCTTCNNCTTCAAGT', 'AACTTCGCCCCCTTCTTCNNGTTCAAGT']","['ACTTGAAGNNGAAGAAGGGGGCGAAGTT', 'ACTTGAACNNGAAGAAGGGGGCGAAGTT']"
383,53,S,S,"['GTGNNCCCAACCAAACTGAATGACCTGTGTTTC', 'GTGNNGCCAACCAAACTGAATGACCTGTGTTTC']","['GAAACACAGGTCATTCAGTTTGGTTGGGNNCAC', 'GAAACACAGGTCATTCAGTTTGGTTGGCNNCAC']","['CCTTCAAGTGTTATGGAGTGNNCCCAACCAA', 'CCTTCAAGTGTTATGGAGTGNNGCCAACCAA']","['TTGGTTGGGNNCACTCCATAACACTTGAAGG', 'TTGGTTGGCNNCACTCCATAACACTTGAAGG']"
385,55,T,T,"['CCANNCAAACTGAATGACCTGTGTTTCACCAAT', 'CCANNGAAACTGAATGACCTGTGTTTCACCAATG']","['ATTGGTGAAACACAGGTCATTCAGTTTGNNTGG', 'CATTGGTGAAACACAGGTCATTCAGTTTCNNTGG']","['AGTGTTATGGAGTGAGCCCANNCAAACTGAA', 'AAGTGTTATGGAGTGAGCCCANNGAAACTGAATG']","['TTCAGTTTGNNTGGGCTCACTCCATAACACT', 'CATTCAGTTTCNNTGGGCTCACTCCATAACACTT']"
405,75,N,D,"['GGANNCGAGGTGAGCCAGATTGCCCCTGGACAA', 'GGANNGGAGGTGAGCCAGATTGCCCCTGGACAA']","['TTGTCCAGGGGCAATCTGGCTCACCTCGNNTCC', 'TTGTCCAGGGGCAATCTGGCTCACCTCCNNTCC']","['CTCCTTTGTGATTAGGGGANNCGAGGTGAG', 'ACTCCTTTGTGATTAGGGGANNGGAGGTGAG']","['CTCACCTCGNNTCCCCTAATCACAAAGGAG', 'CTCACCTCCNNTCCCCTAATCACAAAGGAGT']"
408,78,S,R,"['GTGNNCCAGATTGCCCCTGGACAAACAGGCAAC', 'GTGNNGCAGATTGCCCCTGGACAAACAGGCAAC']","['GTTGCCTGTTTGTCCAGGGGCAATCTGGNNCAC', 'GTTGCCTGTTTGTCCAGGGGCAATCTGCNNCAC']","['GATTAGGGGAAACGAGGTGNNCCAGATTGC', 'GATTAGGGGAAACGAGGTGNNGCAGATTGC']","['GCAATCTGGNNCACCTCGTTTCCCCTAATC', 'GCAATCTGCNNCACCTCGTTTCCCCTAATC']"
417,87,N,K,"['GGCNNCATTGCTGACTACAACTACAAACTGCCT', 'GGCNNGATTGCTGACTACAACTACAAACTGCCT']","['AGGCAGTTTGTAGTTGTAGTCAGCAATGNNGCC', 'AGGCAGTTTGTAGTTGTAGTCAGCAATCNNGCC']","['CCCCTGGACAAACAGGCNNCATTGC', 'CCCCTGGACAAACAGGCNNGATTGC']","['GCAATGNNGCCTGTTTGTCCAGGGG', 'GCAATCNNGCCTGTTTGTCCAGGGG']"
440,110,K,N,"['AACNNCCTGGACAGCAAGCCCAGCGGCAACTAC', 'AACNNGCTGGACAGCAAGCCCAGCGGCAACTAC']","['GTAGTTGCCGCTGGGCTTGCTGTCCAGGNNGTT', 'GTAGTTGCCGCTGGGCTTGCTGTCCAGCNNGTT']","['TGCCTGGAACAGCAACNNCCTGGA', 'TGCCTGGAACAGCAACNNGCTGG']","['TCCAGGNNGTTGCTGTTCCAGGCA', 'CCAGCNNGTTGCTGTTCCAGGCA']"
444,114,K,K,"['AGCNNCCCCAGCGGCAACTACAACTACCTCTAC', 'AGCNNGCCCAGCGGCAACTACAACTACCTCTAC']","['GTAGAGGTAGTTGTAGTTGCCGCTGGGGNNGCT', 'GTAGAGGTAGTTGTAGTTGCCGCTGGGCNNGCT']","['GCAACAAGCTGGACAGCNNCCCCAG', 'CAACAAGCTGGACAGCNNGCCCA']","['CTGGGGNNGCTGTCCAGCTTGTTGC', 'TGGGCNNGCTGTCCAGCTTGTTG']"
445,115,P,V,"['AAGNNCAGCGGCAACTACAACTACCTCTACAGA', 'AAGNNGAGCGGCAACTACAACTACCTCTACAGA']","['TCTGTAGAGGTAGTTGTAGTTGCCGCTGNNCTT', 'TCTGTAGAGGTAGTTGTAGTTGCCGCTCNNCTT']","['CAAGCTGGACAGCAAGNNCAGCGG', 'CAAGCTGGACAGCAAGNNGAGCGG']","['CCGCTGNNCTTGCTGTCCAGCTTG', 'CCGCTCNNCTTGCTGTCCAGCTTG']"
446,116,S,G,"['CCCNNCGGCAACTACAACTACCTCTACAGACTG', 'CCCNNGGGCAACTACAACTACCTCTACAGACTG']","['CAGTCTGTAGAGGTAGTTGTAGTTGCCGNNGGG', 'CAGTCTGTAGAGGTAGTTGTAGTTGCCCNNGGG']","['CTGGACAGCAAGCCCNNCGGC', 'CTGGACAGCAAGCCCNNGGGC']","['GCCGNNGGGCTTGCTGTCCAG', 'GCCCNNGGGCTTGCTGTCCAG']"
447,117,G,G,"['AGCNNCAACTACAACTACCTCTACAGACTGTTCA', 'AGCNNGAACTACAACTACCTCTACAGACTGTTCA']","['TGAACAGTCTGTAGAGGTAGTTGTAGTTGNNGCT', 'TGAACAGTCTGTAGAGGTAGTTGTAGTTCNNGCT']","['TGGACAGCAAGCCCAGCNNCAACTA', 'TGGACAGCAAGCCCAGCNNGAACTA']","['TAGTTGNNGCTGGGCTTGCTGTCCA', 'TAGTTCNNGCTGGGCTTGCTGTCCA']"
449,119,Y,Y,"['AACNNCAACTACCTCTACAGACTGTTCAGGAAGA', 'AACNNGAACTACCTCTACAGACTGTTCAGGAAGA']","['TCTTCCTGAACAGTCTGTAGAGGTAGTTGNNGTT', 'TCTTCCTGAACAGTCTGTAGAGGTAGTTCNNGTT']","['CAAGCCCAGCGGCAACNNCAACT', 'CAAGCCCAGCGGCAACNNGAACT']","['AGTTGNNGTTGCCGCTGGGCTTG', 'AGTTCNNGTTGCCGCTGGGCTTG']"
450,120,N,N,"['TACNNCTACCTCTACAGACTGTTCAGGAAGAGC', 'TACNNGTACCTCTACAGACTGTTCAGGAAGAGC']","['GCTCTTCCTGAACAGTCTGTAGAGGTAGNNGTA', 'GCTCTTCCTGAACAGTCTGTAGAGGTACNNGTA']","['GCCCAGCGGCAACTACNNCTACCT', 'GCCCAGCGGCAACTACNNGTACC']","['AGGTAGNNGTAGTTGCCGCTGGGC', 'GGTACNNGTAGTTGCCGCTGGGC']"
452,122,L,L,"['TACNNCTACAGACTGTTCAGGAAGAGCAAGCTG', 'TACNNGTACAGACTGTTCAGGAAGAGCAAGCTG']","['CAGCTTGCTCTTCCTGAACAGTCTGTAGNNGTA', 'CAGCTTGCTCTTCCTGAACAGTCTGTACNNGTA']","['CAGCGGCAACTACAACTACNNCTACAGACT', 'CAGCGGCAACTACAACTACNNGTACAGACT']","['AGTCTGTAGNNGTAGTTGTAGTTGCCGCTG', 'AGTCTGTACNNGTAGTTGTAGTTGCCGCTG']"
455,125,L,L,"['AGANNCTTCAGGAAGAGCAAGCTGAAACCATTT', 'AGANNGTTCAGGAAGAGCAAGCTGAAACCATTT']","['AAATGGTTTCAGCTTGCTCTTCCTGAAGNNTCT', 'AAATGGTTTCAGCTTGCTCTTCCTGAACNNTCT']","['GCAACTACAACTACCTCTACAGANNCTTCAGGAAGAG', 'GCAACTACAACTACCTCTACAGANNGTTCAGGAAGAG']","['CTCTTCCTGAAGNNTCTGTAGAGGTAGTTGTAGTTGC', 'CTCTTCCTGAACNNTCTGTAGAGGTAGTTGTAGTTGC']"
456,126,F,F,"['CTGNNCAGGAAGAGCAAGCTGAAACCATTTGAG', 'CTGNNGAGGAAGAGCAAGCTGAAACCATTTGAG']","['CTCAAATGGTTTCAGCTTGCTCTTCCTGNNCAG', 'CTCAAATGGTTTCAGCTTGCTCTTCCTCNNCAG']","['ACAACTACCTCTACAGACTGNNCAGGAAGAGC', 'ACAACTACCTCTACAGACTGNNGAGGAAGAGC']","['GCTCTTCCTGNNCAGTCTGTAGAGGTAGTTGT', 'GCTCTTCCTCNNCAGTCTGTAGAGGTAGTTGT']"
460,130,K,N,"['AGCNNCCTGAAACCATTTGAGAGGGACATCAGC', 'AGCNNGCTGAAACCATTTGAGAGGGACATCAGC']","['GCTGATGTCCCTCTCAAATGGTTTCAGGNNGCT', 'GCTGATGTCCCTCTCAAATGGTTTCAGCNNGCT']","['CAGACTGTTCAGGAAGAGCNNCCTGAAACC', 'CAGACTGTTCAGGAAGAGCNNGCTGAAAC']","['GGTTTCAGGNNGCTCTTCCTGAACAGTCTG', 'GTTTCAGCNNGCTCTTCCTGAACAGTCTG']"
462,132,K,K,"['CTGNNCCCATTTGAGAGGGACATCAGCACAGAG', 'CTGNNGCCATTTGAGAGGGACATCAGCACAGAG']","['CTCTGTGCTGATGTCCCTCTCAAATGGGNNCAG', 'CTCTGTGCTGATGTCCCTCTCAAATGGCNNCAG']","['GTTCAGGAAGAGCAAGCTGNNCCCATTTG', 'GTTCAGGAAGAGCAAGCTGNNGCCATTTG']","['CAAATGGGNNCAGCTTGCTCTTCCTGAAC', 'CAAATGGCNNCAGCTTGCTCTTCCTGAAC']"
468,138,I,I,"['GACNNCAGCACAGAGATTTACCAGGCTGGCAAC', 'GACNNGAGCACAGAGATTTACCAGGCTGGCAAC']","['GTTGCCAGCCTGGTAAATCTCTGTGCTGNNGTC', 'GTTGCCAGCCTGGTAAATCTCTGTGCTCNNGTC']","['GAAACCATTTGAGAGGGACNNCAGCACAGA', 'GAAACCATTTGAGAGGGACNNGAGCACAGA']","['TCTGTGCTGNNGTCCCTCTCAAATGGTTTC', 'TCTGTGCTCNNGTCCCTCTCAAATGGTTTC']"
472,142,I,I,"['GAGNNCTACCAGGCTGGCAACAAGCCATGTAAT', 'GAGNNGTACCAGGCTGGCAACAAGCCATGTAAT']","['ATTACATGGCTTGTTGCCAGCCTGGTAGNNCTC', 'ATTACATGGCTTGTTGCCAGCCTGGTACNNCTC']","['AGGGACATCAGCACAGAGNNCTACCAGG', 'AGGGACATCAGCACAGAGNNGTACCAGG']","['CCTGGTAGNNCTCTGTGCTGATGTCCCT', 'CCTGGTACNNCTCTGTGCTGATGTCCCT']"
473,143,Y,Y,"['ATTNNCCAGGCTGGCAACAAGCCATGTAATGGA', 'ATTNNGCAGGCTGGCAACAAGCCATGTAATGGA']","['TCCATTACATGGCTTGTTGCCAGCCTGGNNAAT', 'TCCATTACATGGCTTGTTGCCAGCCTGCNNAAT']","['GGACATCAGCACAGAGATTNNCCAGGCTG', 'GACATCAGCACAGAGATTNNGCAGGCTG']","['CAGCCTGGNNAATCTCTGTGCTGATGTCC', 'CAGCCTGCNNAATCTCTGTGCTGATGTC']"
475,145,A,A,"['CAGNNCGGCAACAAGCCATGTAATGGAGTGGCC', 'CAGNNGGGCAACAAGCCATGTAATGGAGTGGCC']","['GGCCACTCCATTACATGGCTTGTTGCCGNNCTG', 'GGCCACTCCATTACATGGCTTGTTGCCCNNCTG']","['AGCACAGAGATTTACCAGNNCGGCAACA', 'AGCACAGAGATTTACCAGNNGGGCAACA']","['TGTTGCCGNNCTGGTAAATCTCTGTGCT', 'TGTTGCCCNNCTGGTAAATCTCTGTGCT']"
477,147,N,S,"['GGCNNCAAGCCATGTAATGGAGTGGCCGGCCCC', 'GGCNNGAAGCCATGTAATGGAGTGGCCGGCCCC']","['GGGGCCGGCCACTCCATTACATGGCTTGNNGCC', 'GGGGCCGGCCACTCCATTACATGGCTTCNNGCC']","['AGATTTACCAGGCTGGCNNCAAGCCA', 'AGATTTACCAGGCTGGCNNGAAGCCA']","['TGGCTTGNNGCCAGCCTGGTAAATCT', 'TGGCTTCNNGCCAGCCTGGTAAATCT']"
478,148,K,T,"['AACNNCCCATGTAATGGAGTGGCCGGCCCCAAC', 'AACNNGCCATGTAATGGAGTGGCCGGCCCCAAC']","['GTTGGGGCCGGCCACTCCATTACATGGGNNGTT', 'GTTGGGGCCGGCCACTCCATTACATGGCNNGTT']","['TTTACCAGGCTGGCAACNNCCCATGT', 'TTTACCAGGCTGGCAACNNGCCATG']","['ACATGGGNNGTTGCCAGCCTGGTAAA', 'CATGGCNNGTTGCCAGCCTGGTAAA']"
484,154,A,E,"['GTGNNCGGCCCCAACTGTTACTTTCCACTCCAA', 'GTGNNGGGCCCCAACTGTTACTTTCCACTCCAA']","['TTGGAGTGGAAAGTAACAGTTGGGGCCGNNCAC', 'TTGGAGTGGAAAGTAACAGTTGGGGCCCNNCAC']","['GCCATGTAATGGAGTGNNCGGCCC', 'AGCCATGTAATGGAGTGNNGGGCCC']","['GGGCCGNNCACTCCATTACATGGC', 'GGGCCCNNCACTCCATTACATGGCT']"
486,156,P,F,"['GGCNNCAACTGTTACTTTCCACTCCAATCCTAT', 'GGCNNGAACTGTTACTTTCCACTCCAATCCTAT']","['ATAGGATTGGAGTGGAAAGTAACAGTTGNNGCC', 'ATAGGATTGGAGTGGAAAGTAACAGTTCNNGCC']","['GTAATGGAGTGGCCGGCNNCAACTG', 'GTAATGGAGTGGCCGGCNNGAACTG']","['CAGTTGNNGCCGGCCACTCCATTAC', 'CAGTTCNNGCCGGCCACTCCATTAC']"
490,160,F,F,"['TACNNCCCACTCCAATCCTATGGCTTCAGGCCA', 'TACNNGCCACTCCAATCCTATGGCTTCAGGCCA']","['TGGCCTGAAGCCATAGGATTGGAGTGGGNNGTA', 'TGGCCTGAAGCCATAGGATTGGAGTGGCNNGTA']","['CGGCCCCAACTGTTACNNCCCACT', 'CGGCCCCAACTGTTACNNGCCAC']","['AGTGGGNNGTAACAGTTGGGGCCG', 'GTGGCNNGTAACAGTTGGGGCCG']"
494,164,S,S,"['CAANNCTATGGCTTCAGGCCAACCTACGGAGTG', 'CAANNGTATGGCTTCAGGCCAACCTACGGAGTG']","['CACTCCGTAGGTTGGCCTGAAGCCATAGNNTTG', 'CACTCCGTAGGTTGGCCTGAAGCCATACNNTTG']","['CAACTGTTACTTTCCACTCCAANNCTATGGCTTCA', 'CAACTGTTACTTTCCACTCCAANNGTATGGCTTCA']","['TGAAGCCATAGNNTTGGAGTGGAAAGTAACAGTTG', 'TGAAGCCATACNNTTGGAGTGGAAAGTAACAGTTG']"
498,168,R,Q,"['TTCNNCCCAACCTACGGAGTGGGCCACCAACCA', 'TTCNNGCCAACCTACGGAGTGGGCCACCAACCA']","['TGGTTGGTGGCCCACTCCGTAGGTTGGGNNGAA', 'TGGTTGGTGGCCCACTCCGTAGGTTGGCNNGAA']","['ACTCCAATCCTATGGCTTCNNCCCAACCT', 'CTCCAATCCTATGGCTTCNNGCCAACCT']","['AGGTTGGGNNGAAGCCATAGGATTGGAGT', 'AGGTTGGCNNGAAGCCATAGGATTGGAG']"
501,171,Y,N,"['ACCNNCGGAGTGGGCCACCAACCATACAGGGTG', 'ACCNNGGGAGTGGGCCACCAACCATACAGGGTG']","['CACCCTGTATGGTTGGTGGCCCACTCCGNNGGT', 'CACCCTGTATGGTTGGTGGCCCACTCCCNNGGT']","['TGGCTTCAGGCCAACCNNCGGAG', 'TGGCTTCAGGCCAACCNNGGGAG']","['CTCCGNNGGTTGGCCTGAAGCCA', 'CTCCCNNGGTTGGCCTGAAGCCA']"
505,175,H,Y,"['GGCNNCCAACCATACAGGGTGGTGGTGCTGTCC', 'GGCNNGCAACCATACAGGGTGGTGGTGCTGTCC']","['GGACAGCACCACCACCCTGTATGGTTGGNNGCC', 'GGACAGCACCACCACCCTGTATGGTTGCNNGCC']","['AACCTACGGAGTGGGCNNCCAACC', 'AACCTACGGAGTGGGCNNGCAACC']","['GGTTGGNNGCCCACTCCGTAGGTT', 'GGTTGCNNGCCCACTCCGTAGGTT']"
